Timestamp,Chamber_Pressure_mTorr,RF_Forward_Power_W,RF_Reflected_Power_W,Gas_Flow_CHF3_sccm,Chuck_Temperature_C
2026-08-11 10:00:00,15.099342830602247,1509.2617754753164,17.798710873172006,100.77836107616663,19.932482172502564
2026-08-11 10:00:01,14.972347139765763,1519.0941664047014,16.849267365825536,99.44881428367147,19.985548132928447
2026-08-11 10:00:02,15.129537707620138,1486.0143242618085,15.119260739840348,99.18180111657769,19.920758007900005
2026-08-11 10:00:03,15.304605971281605,1505.6296923669056,13.706126444588852,99.99662554258904,19.969203847036095
2026-08-11 10:00:04,14.953169325055333,1493.4935743087817,16.39644662722718,99.82981537747507,19.810638533304623
2026-08-11 10:00:05,14.953172608610164,1495.128746162353,15.7869707708435,99.54677195067272,20.021329370737295
2026-08-11 10:00:06,15.315842563101478,1494.0760607576112,16.790386440055464,100.69638744745671,20.000120547536223
2026-08-11 10:00:07,15.153486945830581,1491.3600923032018,16.27034360336394,100.95530520857051,19.91829113689318
2026-08-11 10:00:08,14.90610512281301,1500.4852162794482,17.09910543063867,100.08840688629185,20.06592456684324
2026-08-11 10:00:09,15.108512008717193,1491.6904988358897,13.929529576878863,101.47753008105526,20.093757013762655
2026-08-11 10:00:10,14.907316461437507,1502.7045682577984,17.63478813126865,98.8583108858665,19.839244013563103
2026-08-11 10:00:11,14.906854049285949,1499.4976189055087,15.3951992093848,99.80634054072029,19.923727522143377
2026-08-11 10:00:12,15.048392454313207,1497.610519531336,19.15052174525053,99.2831776793972,19.92308576502127
2026-08-11 10:00:13,14.61734395106844,1490.924363379584,13.621624363820864,98.13346338292693,19.906009689889114
2026-08-11 10:00:14,14.655016433497394,1494.2322866943166,18.4719276063305,99.9173193141573,20.082947484193173
2026-08-11 10:00:15,14.887542494151806,1507.5539122582575,15.395821566925296,99.87825249161672,19.98061738612272
2026-08-11 10:00:16,14.797433775933115,1505.0091718762437,13.697163992771102,101.51344974324213,19.973548515868938
2026-08-11 10:00:17,15.062849466519054,1490.2244475520145,14.032228331891357,100.63081168455477,19.799613763559325
2026-08-11 10:00:18,14.818395184895758,1500.9933230542922,14.35930538361136,98.9758131756708,20.06354180302092
2026-08-11 10:00:19,14.717539259732941,1507.513871233718,15.848331892803833,101.85409256633419,19.87607416051465
2026-08-11 10:00:20,15.29312975378431,1483.3059471887864,16.045670976070998,101.22103369552535,20.00599326302663
2026-08-11 10:00:21,14.954844739902693,1505.4336019237994,13.852599992122842,100.58209770346862,20.02773769379582
2026-08-11 10:00:22,15.013505640937584,1493.3737624105415,14.951290815478034,99.77351590115016,20.136065859583866
2026-08-11 10:00:23,14.715050362757308,1505.7059866859315,19.284540717223727,99.04056076327652,19.86911796008809
2026-08-11 10:00:24,14.891123455094963,1492.3674084345748,18.455086340201422,99.62779322392895,19.698048784417917
2026-08-11 10:00:25,15.022184517941973,1481.951178993355,15.872647339348065,101.08874861970419,20.01838495447537
2026-08-11 10:00:26,14.76980128451554,1483.7245756211685,15.0760069563364,101.8845863059346,20.180051118151084
2026-08-11 10:00:27,15.075139603669134,1500.4808494666138,15.240062653436523,101.54324352827219,20.123894635293944
2026-08-11 10:00:28,14.879872262016239,1502.597225017215,16.227035945460834,99.51115057821373,20.020965941527464
2026-08-11 10:00:29,14.941661250041344,1490.956833748956,12.95441486960319,98.88038256671099,19.950836381436794
2026-08-11 10:00:30,14.87965867755412,1506.3859245877738,14.48524692515331,100.14088624691121,20.08071225966373
2026-08-11 10:00:31,15.370455636901788,1483.3847993773104,11.662831852244821,98.23156063443714,19.902645380029554
2026-08-11 10:00:32,14.997300555052414,1499.3392020135268,15.798446245210558,100.32316771418478,20.04763577693562
2026-08-11 10:00:33,14.78845781420882,1487.8898380023754,16.29439187940548,99.85239741370133,20.050547015916663
2026-08-11 10:00:34,15.164508982420639,1493.4816389219784,14.033627075401252,99.53396349813175,20.106020990749887
2026-08-11 10:00:35,14.755831270005796,1500.473986713164,18.147973526580067,98.40529693273321,20.275966003891106
2026-08-11 10:00:36,15.041772719000951,1491.3958663471606,12.548468673995318,100.51360010656971,20.039241596717876
2026-08-11 10:00:37,14.608065975224045,1496.1544445577017,12.07125023958036,99.46729916033809,19.94910363742925
2026-08-11 10:00:38,14.734362790220313,1510.0629280921444,15.448903637119944,98.83008316428972,19.9974425687808
2026-08-11 10:00:39,15.039372247173825,1494.2310813047686,17.094196605224308,97.12773778671836,19.823092409511087
2026-08-11 10:00:40,15.147693315999081,1508.3569211206514,18.36785538291574,99.97248509494936,19.930528686891094
2026-08-11 10:00:41,15.034273656237994,1488.7029314534238,14.08223147426212,101.77225159666975,19.95907175618869
2026-08-11 10:00:42,14.976870343522352,1505.2980417791528,17.15736166686259,101.66125921454787,19.947591160206542
2026-08-11 10:00:43,14.939779260882142,1514.415686206579,14.922983060998586,99.54290374341373,20.015235487203373
2026-08-11 10:00:44,14.704295601926514,1475.2835549987271,14.65474540011836,99.39778793963822,19.91775800676178
2026-08-11 10:00:45,14.85603115832106,1492.0310474452951,16.767319874973346,100.46877425607502,20.11210306673245
2026-08-11 10:00:46,14.907872245808042,1505.7707212718053,16.30464575682684,99.0016145608117,20.00002070649182
2026-08-11 10:00:47,15.211424445243782,1497.9695461395702,11.8472156860315,100.30179189981946,19.99906996788614
2026-08-11 10:00:48,15.068723657913692,1503.711458733713,17.953080699451792,100.76608027838469,19.96721052834871
2026-08-11 10:00:49,14.647391968927453,1493.9601481328418,17.760182708294902,101.2269332238843,20.0155190683859
2026-08-11 10:00:50,15.06481679387896,1500.865897874729,13.748874596980942,99.89984592352005,20.082509826466765
2026-08-11 10:00:51,14.922983543916736,1498.443227646079,15.791607066874818,99.79632624982304,19.91328697842891
2026-08-11 10:00:52,14.864615599938809,1511.6778206165982,15.988060372565478,99.12201741324344,19.934188351092473
2026-08-11 10:00:53,15.122335257768174,1502.544208433012,15.521347531647814,99.17311964596014,19.969627397122334
2026-08-11 10:00:54,15.20619990449919,1503.376026620752,13.89938969230916,99.77352110809848,19.86541290765268
2026-08-11 10:00:55,15.18625602382324,1495.8812303387754,13.656753264123896,100.36736550681618,19.91807421402785
2026-08-11 10:00:56,14.832156495355472,1495.1239377592751,14.94889185801711,100.91358462623324,19.952377912645535
2026-08-11 10:00:57,14.938157524829757,1495.6744181218037,17.34545803851873,99.19682104931965,20.08743891807127
2026-08-11 10:00:58,15.066252686280713,1503.944521423783,16.087200309188866,101.49268856895952,20.026256132900194
2026-08-11 10:00:59,15.195109025424472,1495.7901551917973,14.258771335827788,99.72887639895742,20.019358991136755
2026-08-11 10:01:00,14.904165152430942,1502.897748568964,16.54339742129669,99.97863270565156,20.085089796216796
2026-08-11 10:01:01,14.962868204667236,1520.7540079864543,9.302914758739849,99.25278832085218,19.98626282116006
2026-08-11 10:01:02,14.778733005198795,1508.711247034317,17.297531400744205,97.57575973972706,20.039046484992888
2026-08-11 10:01:03,14.760758675183865,1496.7397646783215,11.5205724424438,100.88404539636105,19.98967782470675
2026-08-11 10:01:04,15.162505164478839,1512.0121392216395,14.275118117193736,100.73684389709243,20.026536234939964
2026-08-11 10:01:05,15.271248005714165,1495.9192462697845,12.760660210747712,99.71867244288178,19.941724134238843
2026-08-11 10:01:06,14.985597975683934,1479.6187546482215,12.410637048558188,100.06699071722487,19.756118284172356
2026-08-11 10:01:07,15.200706579578405,1489.919136890826,17.32165357475704,100.5159392177041,19.98657208378137
2026-08-11 10:01:08,15.072327205009527,1481.2920807897415,14.064597597376217,98.43745414311346,20.142274813609994
2026-08-11 10:01:09,14.870976049078974,1496.484865159587,15.69300776346143,99.4709473226537,20.092621540224158
2026-08-11 10:01:10,15.072279121101683,1500.1841837918955,14.906158842241632,100.79426467962183,20.09653974845912
2026-08-11 10:01:11,15.307607313293193,1516.7643731227529,15.954081654446243,98.74571057683075,20.12361307218062
2026-08-11 10:01:12,14.99283479217801,1503.2692737376417,15.153643782120511,100.29355793216664,20.008865759096143
2026-08-11 10:01:13,15.3129287311628,1497.8089947119113,12.43401555162286,98.6434181953766,20.01973157074056
2026-08-11 10:01:14,14.476050979182052,1508.2940558118348,16.99253363889428,100.46642998243352,19.938234810456564
2026-08-11 10:01:15,15.164380500875044,1477.8886469099211,14.012486833677375,99.96435851770252,19.968392714397297
2026-08-11 10:01:16,15.017409413647634,1502.3561455810857,11.886836202680499,98.38486818409449,20.061577114977116
2026-08-11 10:01:17,14.940198529906827,1507.7086519388697,14.143769678068175,101.16473935445717,20.12038844371688
2026-08-11 10:01:18,15.0183521553071,1485.2141375422016,18.00151958126862,99.26540842320195,19.9860553724319
2026-08-11 10:01:19,14.602486217079822,1511.4375404320692,16.700443484226987,99.18974756298562,19.95498107351486
2026-08-11 10:01:20,14.956065622432497,1503.384964074944,14.302695731184281,100.20056919723095,20.000052795885658
2026-08-11 10:01:21,15.07142251430235,1495.847120860992,14.301484591363142,101.14863734942871,20.06012067489291
2026-08-11 10:01:22,15.295578808948303,1506.3278186610628,14.356729897565234,98.9841781810216,19.855614518386645
2026-08-11 10:01:23,14.89634595634527,1522.706928578044,19.153495967121682,100.06167984984798,19.770381904686275
2026-08-11 10:01:24,14.838301279421362,1501.818662550585,15.763870904463106,100.42881650033057,19.944946315050842
2026-08-11 10:01:25,14.899648591283093,1502.4822058630034,15.86008329438214,100.69310560726315,19.877928757408583
2026-08-11 10:01:26,15.183080423540416,1495.4063910045975,17.060566908063684,100.17644155527722,19.94918598023527
2026-08-11 10:01:27,15.065750221931937,1491.501556305352,15.477578318053027,99.63297216091668,19.985221968118253
2026-08-11 10:01:28,14.894047959246592,1508.3033581654424,14.481915708358594,99.17240977935128,19.9546751590977
2026-08-11 10:01:29,15.102653486622671,1491.4391617409112,14.607300301830044,100.08614388304638,20.145246753447076
2026-08-11 10:01:30,15.019415509869608,1500.715662372194,14.856797481171872,98.92786098801439,20.032674476460233
2026-08-11 10:01:31,15.193728998106577,1495.2234255323488,14.925555526980316,97.0786495165054,20.030047435961084
2026-08-11 10:01:32,14.859589381224529,1504.7897982574639,16.45525908727396,100.43655980415767,20.06222071440434
2026-08-11 10:01:33,14.934467570680447,1503.3366210528695,15.103891771614599,100.9039348410862,19.88611668822192
2026-08-11 10:01:34,14.921578369373568,1510.375399442579,16.46528015443116,97.63706756445816,20.103911178742027
2026-08-11 10:01:35,14.707297010373576,1494.8998360114526,14.838566839782835,98.99026929529006,19.992423571346453
2026-08-11 10:01:36,15.059224055412916,1497.3012506470664,15.15727038063218,100.61915426100519,20.067048061724122
2026-08-11 10:01:37,15.052211054435977,1490.2123628421768,11.003598630935784,102.0574954697117,19.892814276695983
2026-08-11 10:01:38,15.001022691328492,1495.5570673992388,16.832655349404963,100.02079370767541,19.844624123398393
2026-08-11 10:01:39,14.95308257332497,1503.7730049304485,15.692976951795986,99.27199705877086,20.081788965802502
2026-08-11 10:01:40,14.716925851589917,1507.5698861664534,16.996020219719306,99.81710355889516,20.037640952609753
2026-08-11 10:01:41,14.915870935446929,1490.7783467582237,9.20748924361262,101.37487641914818,19.90979484456425
2026-08-11 10:01:42,14.931457096694647,1508.6960592010566,19.176749409561456,99.35403582087547,19.91303369187253
2026-08-11 10:01:43,14.839544546155675,1513.5563785880495,14.720820743689652,99.20080799334974,20.112543478441477
2026-08-11 10:01:44,14.967742857666797,1504.134349032237,17.216365633475032,99.51725647781797,19.881058810713267
2026-08-11 10:01:45,15.080810171362907,1518.7679581255807,12.920188145748938,99.04667139174128,20.164267295325597
2026-08-11 10:01:46,15.377237180242107,1492.2621080089643,16.22554781012514,100.1226703159948,19.909937926535214
2026-08-11 10:01:47,15.034915562566368,1487.5534529668857,12.893168873652687,101.62467845846956,20.063839192560838
2026-08-11 10:01:48,15.051510078144553,1482.2127975109572,13.75246207860839,100.32307927311602,19.9671381524251
2026-08-11 10:01:49,14.985110816846767,1514.9604431148919,18.828062707733572,99.74764649787372,20.060318743108233
2026-08-11 10:01:50,14.616245756940192,1506.5436565635405,14.618635198473307,99.70818873108446,19.945588599788582
2026-08-11 10:01:51,14.994697224910157,1499.4441532908954,15.434865746359446,98.43680919130334,19.98372070939277
2026-08-11 10:01:52,15.012046041988205,1502.7996862631983,16.74013546137751,100.88310977714715,20.004091917539572
2026-08-11 10:01:53,15.492648422497057,1488.7451095270162,15.99136377594521,99.9221628029872,19.899781254421853
2026-08-11 10:01:54,14.961527807043776,1524.4575197961683,15.300837810287153,99.81952008640937,20.074082434542014
2026-08-11 10:01:55,15.060309468466723,1501.2922118197523,15.729922004932451,103.19310756784486,19.948678643352842
2026-08-11 10:01:56,14.99305764605895,1501.093947946049,19.80683117047655,100.29875290836569,19.977140008465998
2026-08-11 10:01:57,14.766264392476094,1507.257666238987,14.884762405932829,99.24820894990482,19.900565062539147
2026-08-11 10:01:58,15.228564562903005,1504.8100923173672,15.402198093429934,99.57364240379445,19.74376663412047
2026-08-11 10:01:59,15.150386606537355,1502.2388402427914,17.101308792015224,101.14844570919675,19.980897223739984
2026-08-11 10:02:00,15.15820638940861,1492.0952554455469,17.21105186591597,100.11327041053777,20.24126154216129
2026-08-11 10:02:01,14.818122509041052,1504.71468357136,17.37406061112076,98.56172202168263,20.078460428789803
2026-08-11 10:02:02,15.28055886218722,1518.8202449647504,16.27746044405837,100.9192289345752,19.99807396202656
2026-08-11 10:02:03,14.719629787441544,1513.4542004615498,12.713990174539033,99.331855914461,19.973710917079174
2026-08-11 10:02:04,15.117371418760055,1515.931866266394,18.26686306460219,101.87329777621754,20.002246589281203
2026-08-11 10:02:05,15.438091125161996,1494.8878432356883,12.707309213962624,101.08004806571465,20.054711911517522
2026-08-11 10:02:06,14.801892734973862,1490.103951797414,15.605270930478067,99.55267810434125,19.881918718469116
2026-08-11 10:02:07,14.886740454079446,1498.7421307990035,13.491448299961284,101.28101636173511,20.111432169466887
2026-08-11 10:02:08,15.019930273017529,1500.557249122887,14.871723306814015,100.06785551052741,20.071538131544123
2026-08-11 10:02:09,14.89930486917676,1510.9419151847094,15.65752482060696,100.85277367512222,20.071818572570795
2026-08-11 10:02:10,14.689867313786774,1483.0753537028518,15.642714430900547,100.48473281729447,20.043847573880974
2026-08-11 10:02:11,15.013712594961206,1515.2955031946062,15.84384150847057,99.15364334500913,20.0019616657694
2026-08-11 10:02:12,14.787539257254778,1498.41992101421,18.227422538117295,99.35645016768254,20.06728612359668
2026-08-11 10:02:13,15.094718486127036,1495.7311893005258,15.907068603027959,101.02996081758116,20.059181413374137
2026-08-11 10:02:14,14.81611515315324,1489.8789562473983,14.511686729418702,99.66522466789345,19.964595928905897
2026-08-11 10:02:15,15.309986881003509,1483.4514332813424,16.928174336576713,99.59635153675801,19.94263982271031
2026-08-11 10:02:16,14.843349341532752,1508.231705839619,17.378940977849282,99.04487742065065,20.010185629526198
2026-08-11 10:02:17,14.935587696758866,1500.733179671884,12.544784369726015,100.42359906559346,20.154902015149517
2026-08-11 10:02:18,15.162703443473934,1487.1003910025895,16.194800139699716,102.06252491924315,19.87608929243461
2026-08-11 10:02:19,14.753827136713209,1487.049212279364,16.402345484621797,98.93246708574573,19.853247473424755
2026-08-11 10:02:20,15.045491986920826,1496.6421530070986,14.404872993280016,100.02421945667275,20.016476084123653
2026-08-11 10:02:21,15.261428550856486,1516.690215252894,17.75141362662324,101.41222055541543,20.0050887701856
2026-08-11 10:02:22,14.678503353087754,1497.404086486364,14.699888825934947,99.92035860875428,20.017334166437042
2026-08-11 10:02:23,15.036926771706462,1484.968570468819,15.251152906943085,100.45237179624974,20.02439531979085
2026-08-11 10:02:24,15.051976558849685,1497.5425693591405,14.65385635143226,98.93760647185312,19.97767977453652
2026-08-11 10:02:25,15.156364574355463,1497.2727643025232,15.031158095162935,100.42830709720765,20.14898634386021
2026-08-11 10:02:26,14.752609857824384,1473.0311335705842,12.807449826209597,99.81285573499545,19.83990960215235
2026-08-11 10:02:27,14.735908677383145,1499.457051334822,12.119898234811412,100.98572999567986,19.917150297521975
2026-08-11 10:02:28,15.10438831312338,1497.6906546979133,18.189010126449944,101.18738605156476,19.989674523985094
2026-08-11 10:02:29,15.059396934646637,1506.9620636481343,13.306077303363345,102.58956364201862,19.835681118884583
2026-08-11 10:02:30,15.050098570069176,1518.4895609494536,13.017215301087386,100.57963317321358,19.982414559556794
2026-08-11 10:02:31,15.069289641899395,1511.2656502954776,10.69321977279257,100.32579631658217,20.1661470165728
2026-08-11 10:02:32,14.863995055684303,1497.3111130944517,13.722076504620995,100.19438430157733,20.002088648829595
2026-08-11 10:02:33,15.046450739432201,1488.9347409125833,12.353820413185003,99.64683370718932,20.023070090571867
2026-08-11 10:02:34,15.058614494659736,1525.7335980324985,18.284030320272738,100.33848384346169,19.873983523482742
2026-08-11 10:02:35,14.857129716394727,1500.592184340145,17.01963417868527,99.70459858986096,19.938363859196052
2026-08-11 10:02:36,15.37315490222895,1500.1392929191295,13.623699309644552,100.16846097626961,19.962480361967607
2026-08-11 10:02:37,15.094766584182358,1499.7587491289,19.504871610688618,101.31759753560796,19.96822849032438
2026-08-11 10:02:38,14.761739300559471,1501.9808476076785,16.96353097398319,98.99345743472036,20.128164379500376
2026-08-11 10:02:39,15.131310721726766,1498.5563958807606,14.350337232982755,101.13987856112905,20.055769106072514
2026-08-11 10:02:40,14.805063665954536,1494.2633799311977,10.001188570252854,101.31711506733987,19.8888542043063
2026-08-11 10:02:41,15.15741692074849,1494.5314105875962,19.581885145181484,99.88193147300892,20.0246504778432
2026-08-11 10:02:42,15.23171911580148,1499.67246729784,12.220855066472808,97.8781451009914,20.049822174849677
2026-08-11 10:02:43,14.835863536329658,1494.5657522886625,11.709202506086216,99.39217801290556,20.114014903852127
2026-08-11 10:02:44,15.192675225848864,1492.8715421732284,17.04514086401928,101.29699454656111,20.15805406865684
2026-08-11 10:02:45,15.0825561853873,1501.064302276919,19.879504812678547,99.97713193770112,19.898490580817214
2026-08-11 10:02:46,15.164412031998898,1497.4502278257914,17.768545637021035,99.00069776770509,19.918914248878966
2026-08-11 10:02:47,15.379358596530789,1515.039929885827,16.12781824010472,99.49522507877178,19.874242214108538
2026-08-11 10:02:48,14.950922376799426,1473.49030191607,16.189508683330573,100.84062002650455,19.9765980140893
2026-08-11 10:02:49,14.849252767128503,1510.9150685192246,16.706831117560615,100.54673356820138,20.046635837444633
2026-08-11 10:02:50,14.822097114074895,1512.4608519249764,16.51785717957353,99.76106790083031,20.09873345165891
2026-08-11 10:02:51,14.836837943006913,1479.2660976759184,15.562382847938752,99.63317558818531,19.992404897635748
2026-08-11 10:02:52,14.984579658117179,1496.5731240591965,15.208402207903752,99.60824185095618,19.968015247674515
2026-08-11 10:02:53,15.06823039496333,1496.2855913400422,14.874813744200955,99.0775898155015,20.015175799224874
2026-08-11 10:02:54,15.055338159866004,1485.9248830528218,13.492070822266648,101.61537568946945,19.916485709836998
2026-08-11 10:02:55,15.165436649807205,1492.2218331240913,14.438649846266452,99.67767953078867,20.208953872169477
2026-08-11 10:02:56,15.00260037837558,1488.8942415453416,11.614086371609229,101.21715852082549,19.839233897288196
2026-08-11 10:02:57,15.290706815431463,1517.5227044342362,14.8033207464105,101.52131605192245,20.018474057889573
2026-08-11 10:02:58,14.947068633352409,1509.3567839314746,13.022817785698166,100.99831089814796,20.202360621922963
2026-08-11 10:02:59,15.544033833317924,1512.7155509499416,12.792821365568457,99.56837968728195,20.000679984456
2026-08-11 10:03:00,15.125133469553,1507.2167206404324,15.359788302306956,100.40373009033661,19.98099609649985
2026-08-11 10:03:01,14.828568488716744,1488.7094822878278,17.7840045726892,99.97580439360908,19.964255457718956
2026-08-11 10:03:02,14.785821500387778,1494.7547973372023,16.836633212004624,99.09629813926988,19.98196083182376
2026-08-11 10:03:03,15.096494483048637,1504.8937456122792,11.858998792753646,100.3243592817216,20.137284847467654
2026-08-11 10:03:04,14.95530744293483,1487.7787219110805,13.020743726859324,98.82096020884019,19.77881380886705
2026-08-11 10:03:05,15.142800098818418,1507.1299843017239,16.88154237597643,101.18767938846156,20.153343370129633
2026-08-11 10:03:06,15.09464752491471,1497.5967460184186,13.035025212923381,99.53538270270161,19.857604284754984
2026-08-11 10:03:07,14.985434217468626,1496.251791924504,14.550733700005951,100.20115965587284,19.973334767076558
2026-08-11 10:03:08,14.830641256386318,1507.109599682035,16.100104198049102,100.28328787154614,19.957075557970136
2026-08-11 10:03:09,14.697030555062828,1504.4426331148604,13.06331109027273,99.74109502629592,20.05885532697707
2026-08-11 10:03:10,14.910697009586595,1496.3903383418092,15.21075101229192,100.58669380147528,19.840187564811625
2026-08-11 10:03:11,15.171279758864694,1511.5932980336424,12.33194901016359,99.52509634337747,20.046217266608195
2026-08-11 10:03:12,15.042818748826042,1489.189366724001,13.797264712097572,100.87129729745725,20.202430962328684
2026-08-11 10:03:13,14.750852244257603,1506.1593560694425,15.639563868285073,98.65402031975326,19.86368259954072
2026-08-11 10:03:14,15.034636185170237,1505.9310125796837,11.814012532936662,100.12637957954641,20.018970616761038
2026-08-11 10:03:15,15.077063475945767,1496.90453560686,15.880949475920797,101.93892899905829,19.93380178222034
2026-08-11 10:03:16,14.823228512759773,1503.2613302224213,14.960724402146637,98.99966867539443,20.042588720619303
2026-08-11 10:03:17,15.030745021189105,1487.488864236147,16.104979908834295,99.32225502947514,20.001914777741575
2026-08-11 10:03:18,15.0116417436892,1509.240270192069,15.447828268129323,100.51390784965892,19.93585130909557
2026-08-11 10:03:19,14.771405940433876,1498.15097863557,17.728280859947688,100.1795817819396,20.048787228487107
2026-08-11 10:03:20,15.071557472069657,1494.7727697948096,15.250449005295815,100.35063009927356,20.180434810978674
2026-08-11 10:03:21,15.112156905273647,1510.4900922583688,14.141188917749494,100.48918713014767,19.98090962082727
2026-08-11 10:03:22,15.216610248635055,1492.9565630945724,15.244595006064568,100.63472146856176,20.07197579421482
2026-08-11 10:03:23,15.21076041040698,1485.9153870363643,16.086596058072775,101.10969984195623,19.870672704212883
2026-08-11 10:03:24,14.724466126408581,1484.433708264761,15.09772014065141,100.40981865692851,19.9043563623182
2026-08-11 10:03:25,14.812434992016975,1506.0600995134564,15.081183382407765,99.75874234538146,20.04724062778804
2026-08-11 10:03:26,15.103007053441733,1487.1957064750372,13.59601662438649,100.67257370120274,20.148411602853596
2026-08-11 10:03:27,15.102757190182441,1517.5479418198436,13.674198164898105,101.89988193489522,20.035561334878565
2026-08-11 10:03:28,15.10300953726121,1479.1807059211628,12.194789456400613,99.86736625361743,19.968694196947684
2026-08-11 10:03:29,15.770546298130945,1516.9645636829005,18.499153486373878,99.02547069532936,19.999929140542335
2026-08-11 10:03:30,15.114178102138633,1502.1101746720262,12.51227352921743,101.10708066928697,19.87495922660303
2026-08-11 10:03:31,15.22711312803612,1499.032868881296,13.614189604408185,99.8796188360464,20.060451532635536
2026-08-11 10:03:32,15.190800352698641,1494.5508091319105,13.563185468861604,97.82733045398597,20.08823330623234
2026-08-11 10:03:33,15.13027825026116,1503.9913611435206,16.789848753888883,100.84742167715042,19.954790966716693
2026-08-11 10:03:34,14.93694615107193,1499.6236529757516,14.410100643415944,99.46467181404607,19.95299578522405
2026-08-11 10:03:35,15.151793844098654,1511.0330188201651,17.49548414534747,99.90946671769584,20.026587822965205
2026-08-11 10:03:36,14.845434957092486,1501.1422764866204,13.653018751512263,100.33198033056901,19.95632802639594
2026-08-11 10:03:37,14.952636278651998,1501.5030176146188,15.557988324447605,100.19049967977907,19.993386738537417
2026-08-11 10:03:38,14.90292729043418,1496.3638778778613,13.329305893480486,100.70945181713904,20.20997217891665
2026-08-11 10:03:39,15.016374827877264,1499.4305437627893,19.290298255546777,99.56451362943015,19.9752974299254
2026-08-11 10:03:40,15.4629317133347,1503.0780176889207,12.624803161940974,100.51310579817608,19.964165984797877
2026-08-11 10:03:41,14.626546961481651,1482.8983160734338,15.619641420454055,99.74045332241609,19.935245819436485
2026-08-11 10:03:42,15.137252038074903,1486.5181457789429,16.267553761864196,100.73881048088751,20.074419197149993
2026-08-11 10:03:43,14.67745682576207,1507.4326409402272,15.827598194902997,100.61536748401305,19.98187758267819
2026-08-11 10:03:44,14.905613626842113,1501.7086543812795,14.629424682244583,99.06456129795541,19.935062696167858
2026-08-11 10:03:45,15.217790119393474,1498.1601666364731,14.740358600533147,101.08598211617503,20.1321304032273
2026-08-11 10:03:46,15.012856003819092,1500.184339330654,15.08762294395822,99.46403655488595,20.141960300451363
2026-08-11 10:03:47,14.784451044414139,1503.4758170536168,14.705995996743022,100.80805779828114,19.93995764342613
2026-08-11 10:03:48,14.856939258148007,1494.6024031969064,16.92775823358982,100.36728731340133,19.813346004863938
2026-08-11 10:03:49,15.135919549786935,1492.2169527459769,19.421046003182703,101.83818367679513,20.10075136898369
2026-08-11 10:03:50,14.853926673656572,1501.9584525509767,13.885016429984333,99.77653401762815,19.931537017424
2026-08-11 10:03:51,15.043291717916395,1490.2162722238497,12.260394040841845,99.6506832038818,20.079062559916277
2026-08-11 10:03:52,15.009114367980763,1504.0825275571447,14.82343590329749,99.98058039411227,19.802989618228818
2026-08-11 10:03:53,14.869679930478837,1482.9741639576216,20.159418675308636,99.69682021716572,20.08925973382993
2026-08-11 10:03:54,15.428788817865065,1510.2915563732565,13.392650864060538,100.79994190194205,19.87888280707192
2026-08-11 10:03:55,15.126783804463603,1504.7259748241304,18.278233610888137,98.38368939156341,20.07307641190665
2026-08-11 10:03:56,14.594971482668479,1502.5602973431387,18.355401628152883,98.94631758085364,20.001427306783643
2026-08-11 10:03:57,15.037290862953885,1509.826909839455,13.892823516584011,98.93219707842081,19.904606058060335
2026-08-11 10:03:58,14.867642707046322,1516.6547444446257,16.13796615837055,100.95030759197357,19.95929636870732
2026-08-11 10:03:59,15.170486666959246,1510.1437006501812,18.256793246257075,101.71061337258193,20.06863184569567
2026-08-11 10:04:00,14.841495852313459,1481.5912576866835,14.241744518025026,99.89555078146253,20.010589445311524
2026-08-11 10:04:01,14.97705271170662,1487.204230332643,14.592839279795276,99.83117827681,20.05844129804725
2026-08-11 10:04:02,15.100997455796092,1493.7518142230433,13.836638172102713,100.07005216311317,20.197644058451548
2026-08-11 10:04:03,15.173151038834025,1500.2609105021083,12.970486538614267,101.16187830260819,19.843575838828894
2026-08-11 10:04:04,14.759940718588846,1505.1765902046911,13.701444909867986,99.07264686580943,20.16172125749686
2026-08-11 10:04:05,14.93309975283181,1492.7425618684654,12.552119466475487,100.23836898273478,20.010435593752323
2026-08-11 10:04:06,14.905010937767809,1501.8676676447708,15.068166936518452,100.97519762978243,19.910121595167688
2026-08-11 10:04:07,14.869334153485257,1492.4461706764669,13.460053537882716,100.50109416993985,19.8669686374261
2026-08-11 10:04:08,15.353090848056219,1493.8848219700806,15.467571823581496,100.18958161659874,19.981087960922295
2026-08-11 10:04:09,15.080996342192192,1485.933389031518,11.888208707592746,101.00104609256714,20.092165011192446
2026-08-11 10:04:10,14.74782320913299,1490.767667538891,15.661760464428914,97.29676770700077,19.987245087962247
2026-08-11 10:04:11,15.183572389410955,1486.4831539438367,16.66705792321785,100.67787531953091,20.151115493024736
2026-08-11 10:04:12,15.424431239402526,1490.2412674702266,11.012528714857089,99.34592431687257,19.854882430994845
2026-08-11 10:04:13,15.206493052110229,1510.5364179660785,15.748113139695144,98.16936710314354,19.998791105215396
2026-08-11 10:04:14,14.696126006809198,1490.5060111116807,17.455337984946585,100.51120259952498,19.87476065555869
2026-08-11 10:04:15,14.90315318542675,1526.3238206483738,12.58071796261759,101.37365854516295,20.036363188262495
2026-08-11 10:04:16,15.253382229837325,1504.9331790088088,18.345144773675408,99.86255148537231,20.08868873900973
2026-08-11 10:04:17,14.858466106876245,1501.8483612369487,15.83803801873209,100.95287454720294,19.957923820631894
2026-08-11 10:04:18,15.088763885629247,1491.4164221981878,13.589976288483182,101.61227825798865,19.739578614337287
2026-08-11 10:04:19,15.154926810685867,1507.00309879409,14.888461844684588,101.31491445358405,20.01989481467965
2026-08-11 10:04:20,14.814613905684384,1494.2436217376223,16.116653825043446,101.6399645293714,20.043673855173353
2026-08-11 10:04:21,14.98809492878764,1501.2200981464537,15.152010782824822,100.7421274910719,20.04042947549617
2026-08-11 10:04:22,14.351746531986185,1525.600845382688,16.077511984892737,100.07543363890159,20.123578219182214
2026-08-11 10:04:23,14.795122471733142,1499.0394010027535,13.158652813841268,98.39803418810283,19.892894632035095
2026-08-11 10:04:24,14.949486369721368,1511.4927332628567,15.338721648072156,99.75393751187005,20.068021610545046
2026-08-11 10:04:25,14.75044336360703,1492.968235748741,12.17257100619004,99.15675340468381,20.119250751247797
2026-08-11 10:04:26,15.326482260786326,1499.6501150950303,14.777547877302599,102.17094271749781,19.822141241599347
2026-08-11 10:04:27,14.713971724407873,1517.708006356355,13.19218471707042,99.82411418756766,20.031965182591897
2026-08-11 10:04:28,14.911991102660604,1493.7303294221224,13.528940114820466,100.12320480678449,19.94958201689923
2026-08-11 10:04:29,15.026148115457218,1518.1244855799694,17.472186350420873,100.55148537604046,19.991847732689834
2026-08-11 10:04:30,15.288254657813223,1507.0775193545549,17.182620241188538,100.04360244637246,20.034767648353835
2026-08-11 10:04:31,14.712827569764112,1494.3753322410573,16.218276241814355,101.69505104043076,19.951277143588644
2026-08-11 10:04:32,15.232632750430993,1506.3240773905552,12.815374470654842,99.37735063826555,19.932429192083838
2026-08-11 10:04:33,15.002046612203918,1509.7255444962673,14.367183100610395,100.19460745523725,20.0034152417488
2026-08-11 10:04:34,14.80369826979041,1506.218099622172,17.426195399958367,99.25752941430196,19.89127540611372
2026-08-11 10:04:35,15.092420694852654,1484.2977528010954,15.28343382727981,98.6799774887793,19.891417487111482
2026-08-11 10:04:36,15.039811939114694,1492.7286282417513,19.63865907996339,99.38823090909472,20.06793732829565
2026-08-11 10:04:37,14.87995662456824,1497.524813644485,15.786635678788743,99.96296320295158,19.885120596484136
2026-08-11 10:04:38,15.013960416998003,1499.2556657089995,15.384098232980064,99.57069777548274,20.06663125009092
2026-08-11 10:04:39,14.922937280627648,1506.2067209755069,14.381767071594997,99.30757902012614,20.046259129285396
2026-08-11 10:04:40,15.02270346905025,1501.7770100093326,15.267081809564564,98.59368253632816,19.82741932712094
2026-08-11 10:04:41,15.13242613490421,1486.646556412899,14.695060327238913,99.9168944273713,19.932243534766435
2026-08-11 10:04:42,15.317203363229071,1503.8019785100596,16.41621735337718,98.495279625969,20.119410940304736
2026-08-11 10:04:43,14.75243690023463,1506.1058574528383,16.913404633589167,100.76005596368961,19.901883446886032
2026-08-11 10:04:44,15.426606674931254,1505.5979044793105,13.4280210789841,100.0824397529345,19.953559573769063
2026-08-11 10:04:45,14.6095824400955,1510.8078072555463,12.337534092884443,98.54244850053507,20.04620608932519
2026-08-11 10:04:46,14.969642980992884,1508.339221545489,11.327589253793407,99.69079092295014,20.07833905092826
2026-08-11 10:04:47,15.117663441296916,1504.5918007922844,16.015982653825088,99.24784359440942,19.97484611139555
2026-08-11 10:04:48,15.056198373547007,1499.2983428854136,12.793266787652254,100.31917451041917,19.940248980530836
2026-08-11 10:04:49,14.875460096035882,1483.3903906648402,10.694218814095034,101.34045044602314,20.142236986169852
2026-08-11 10:04:50,14.958375549928546,1504.296182191326,15.777157209061928,98.12482753035425,20.173889966379758
2026-08-11 10:04:51,14.901399813068233,1502.0768768716312,19.985999034865582,100.11502607914741,20.097885805078178
2026-08-11 10:04:52,14.882127048611158,1502.7157883719537,14.987858176920213,99.83986720443336,20.008531814256504
2026-08-11 10:04:53,15.169920419404205,1487.232514241797,16.676981548903285,100.67134007645046,19.919173427835908
2026-08-11 10:04:54,15.07140309719301,1489.1894345959174,15.16365871709513,100.21319662823768,19.916955559344345
2026-08-11 10:04:55,14.86141808094787,1510.531528533329,14.802220693617715,99.24803066826118,20.052251410526576
2026-08-11 10:04:56,15.17991997508665,1499.6044484614335,16.83815296597554,99.68094606433338,20.041839822088868
2026-08-11 10:04:57,15.061459904175322,1506.8150069737262,14.419450911622697,99.2039741431965,20.14015985929464
2026-08-11 10:04:58,15.162572423767791,1500.2831837613046,15.534784628143806,101.0760071385986,20.065045009253613
2026-08-11 10:04:59,15.125925768384722,1500.2975613949575,15.643395612392027,100.02131164867194,19.84969196982402
2026-08-11 10:05:00,14.834200997815586,1509.38283805976,13.663819092713902,101.90119068575301,20.105194761772292
2026-08-11 10:05:01,14.887963791960606,1494.8395527178263,16.984084699073044,99.93933918618538,19.900193937268558
2026-08-11 10:05:02,15.149458721024653,1500.9612077694098,14.650080486609182,99.29159323308954,19.961602872804765
2026-08-11 10:05:03,15.122074053086694,1495.3772471129496,13.48850968101431,98.48628560738717,20.02502002062517
2026-08-11 10:05:04,14.99581968120717,1495.655037725677,16.073019687140807,98.19686032374406,20.199566748978395
2026-08-11 10:05:05,15.023465476661757,1496.9082787653135,13.203064036417926,98.41586405699451,20.310991855600538
2026-08-11 10:05:06,15.255532979157685,1502.221337716337,15.056362314738257,100.26712665101148,20.06067230591362
2026-08-11 10:05:07,14.881685722232834,1495.2125137833652,14.981762006711593,100.50872502322993,19.981680338127962
2026-08-11 10:05:08,15.109419476234008,1512.5575612557352,17.171791131663156,98.41880929796787,20.053450564848056
2026-08-11 10:05:09,14.959561469513222,1491.0539269778048,15.949396465759905,100.89503831407612,20.088765542587385
2026-08-11 10:05:10,14.956463759354556,1498.1312835583865,14.949946082509712,99.51693894831656,19.96793323744428
2026-08-11 10:05:11,15.219755370397438,1495.6026894172583,16.635532598400573,100.14679301198555,20.179521135591234
2026-08-11 10:05:12,15.165083269797606,1514.4697788435374,17.780415098034627,101.61222062825543,20.02300707591914
2026-08-11 10:05:13,15.162701927200128,1501.9655477651158,16.115620612703726,100.89683931586553,20.04977430890914
2026-08-11 10:05:14,15.261095761430866,1510.3184453946863,15.02070523968676,99.73146935209417,20.066592425205446
2026-08-11 10:05:15,15.004200768326552,1485.1443962696303,12.37632753529968,99.10880777458472,20.042158661061446
2026-08-11 10:05:16,15.136390594258993,1502.6705026586926,12.869772673849255,97.8481845986707,20.08389405004696
2026-08-11 10:05:17,14.937946648681308,1508.8963079562343,14.389550591290664,99.28084668075758,19.93827468134531
2026-08-11 10:05:18,15.064833270497688,1500.8228398927542,13.780975595681433,99.78886976117231,19.944169824605396
2026-08-11 10:05:19,14.973971389126463,1510.6548037506534,14.626057394029107,99.01282047284882,19.88998457670283
2026-08-11 10:05:20,15.019399192998543,1494.8271154989964,15.113299849794215,99.8687430329077,20.04395012306202
2026-08-11 10:05:21,15.119031405087382,1514.0934744018557,16.05938550871346,100.07685188295876,20.07789365035121
2026-08-11 10:05:22,14.836355863353305,1522.9889812361926,14.859002443881817,99.77514401819192,20.045777286615188
2026-08-11 10:05:23,15.418477455137092,1496.3716143956035,15.973003287652404,99.34999741917655,20.167449243334755
2026-08-11 10:05:24,14.798796523700059,1495.5449747859923,15.12894882962024,100.16865467196672,19.999440398117095
2026-08-11 10:05:25,14.757162277442454,1514.533844771177,11.049066867292257,100.4419406495694,20.066874165559252
2026-08-11 10:05:26,15.231622174700014,1515.795721457307,13.121329212362491,98.90960092255716,19.890829912386067
2026-08-11 10:05:27,15.158332538792587,1494.7713997284673,14.71182488855677,101.41093237974627,19.96129002975256
2026-08-11 10:05:28,15.124823963410432,1495.7981318290415,12.580610514317785,99.90141186771574,20.069553775756578
2026-08-11 10:05:29,15.125669101852855,1497.1821539113948,16.19985745999241,100.01884962294484,20.084910211074316
2026-08-11 10:05:30,14.997550645430618,1486.5554948896572,18.061501664687395,100.70821442325656,19.97060330523358
2026-08-11 10:05:31,14.820549125702833,1490.813480535158,17.437523703394632,100.2332161312635,19.992840074814193
2026-08-11 10:05:32,15.015160911638745,1489.9585923324794,14.573114258139585,100.95313663391325,19.848212625331918
2026-08-11 10:05:33,14.864567657697577,1492.3220243489586,17.981452273699905,100.28712416520183,19.96429707991934
2026-08-11 10:05:34,15.19502394668355,1499.6531511261321,15.297334914404223,99.38756262535956,20.089038316351978
2026-08-11 10:05:35,14.970588523699572,1502.3421473253652,14.325828057763921,100.3615035252061,20.057520501610657
2026-08-11 10:05:36,14.834900560641497,1515.5050049281408,13.77319467291812,98.85627379267933,20.05006657213812
2026-08-11 10:05:37,14.935722831669402,1490.0164595926121,14.395060627023744,100.10855970577653,20.004977368718095
2026-08-11 10:05:38,15.082586290855124,1509.843223984766,14.223646362917542,99.96677000935554,20.000706315862818
2026-08-11 10:05:39,14.887255089439204,1497.8601115577449,15.340832444750976,99.79188314272746,19.933967886052656
2026-08-11 10:05:40,14.835555920886714,1499.5053629034758,15.32114796209973,99.87146248856106,20.069882842020252
2026-08-11 10:05:41,15.048737442298382,1506.748194921666,15.006092040306829,98.11815095450235,20.04209729443894
2026-08-11 10:05:42,15.048993314221745,1488.772779784377,15.8738763394927,99.45127509225904,20.04920188479928
2026-08-11 10:05:43,14.898611364925774,1503.8240974618404,17.381292549572684,100.09284490114112,19.947396515733242
2026-08-11 10:05:44,14.905792338876335,1501.6645220821306,16.899108270882646,100.1598563919974,19.784665708012877
2026-08-11 10:05:45,15.046409987471527,1504.9245126400815,12.030204063100193,98.97232485907404,20.109715271175368
2026-08-11 10:05:46,14.710383131700535,1502.8916864390783,9.89215773019609,101.2657078408647,19.952116254399158
2026-08-11 10:05:47,14.71850724512469,1524.553001399109,16.86863982247855,99.1338251517855,19.913722423595686
2026-08-11 10:05:48,14.856311155749513,1493.6226001574869,12.266242603169157,100.96945720052673,20.0693478911914
2026-08-11 10:05:49,14.957310569657631,1494.6900304499818,14.550469196214634,100.42719436187168,19.960798736008087
2026-08-11 10:05:50,18.347488011729368,1493.7685947357525,67.39609471599583,99.35377269015619,18.61294161455093
2026-08-11 10:05:51,18.77916357365634,1494.4452288083974,52.13222782502457,101.77531089260951,18.018857014255993
2026-08-11 10:05:52,18.00587773304874,1493.626128726935,71.63805191983207,98.80636316824352,18.53106924534984
2026-08-11 10:05:53,17.66189392675344,1511.8901653110754,57.33144520574435,100.91915417361,17.735712551042788
2026-08-11 10:05:54,17.453621495140563,1514.2050424798986,59.67331106249572,101.00058231804297,18.568867559720154
2026-08-11 10:05:55,17.386788862082962,1494.2925370625053,56.86701627333112,99.32937979092335,18.230175472703497
2026-08-11 10:05:56,19.470844585455886,1491.6764442689578,73.66567829694213,101.39246530006433,18.460979983470494
2026-08-11 10:05:57,18.564608062584366,1504.714155563864,74.96815245022923,99.74995348540105,17.688770725822398
2026-08-11 10:05:58,17.389006528963606,1494.4777695571902,49.585003097987894,100.28869362927986,17.393150918381835
2026-08-11 10:05:59,17.17332483291775,1506.329318177555,65.9160609495568,100.26032183877122,18.158175566126776
2026-08-11 10:06:00,18.34480233370748,1502.029230208513,57.87358175416229,99.86569125852945,17.87794385170178
2026-08-11 10:06:01,18.5801801812895,1484.8425588500277,53.573533892448836,100.81080827315978,18.58902867873242
2026-08-11 10:06:02,18.25268988796731,1515.4750520133007,63.068990232584596,100.79348872055222,17.997602405381606
2026-08-11 10:06:03,17.952864447642938,1517.9587767309552,59.9690342336787,98.25146802676181,18.136371146019865
2026-08-11 10:06:04,18.07530166834077,1493.8721130951562,91.66030786678421,101.30434024287815,16.626677115115733
2026-08-11 10:06:05,18.08369566770251,1496.1229844006402,69.01253910755302,98.33750801196433,18.70935628387873
2026-08-11 10:06:06,18.08776499950875,1502.858653907249,51.16921591343777,101.03254620434166,17.21433123431855
2026-08-11 10:06:07,16.89286829378259,1503.3445678998703,57.485724040144184,101.12670513682758,17.3308348175078
2026-08-11 10:06:08,17.90463540442217,1506.5854427267284,74.32726845191097,98.9090335697848,17.748029353760064
2026-08-11 10:06:09,17.41969482609875,1520.1020453876636,84.11482230064544,99.58918571204542,17.244270919903126
2026-08-11 10:06:10,18.092507744306044,1498.2305277250596,48.79427475777357,98.89429533151406,17.7983574459029
2026-08-11 10:06:11,19.592229159550797,1492.0170275546154,49.62417310889424,99.78507896971126,17.750591672516975
2026-08-11 10:06:12,18.47396955429616,1486.2068077198546,80.96584946785511,99.69196571581426,18.04256214909405
2026-08-11 10:06:13,18.035089322130844,1492.6906996005807,65.66901897795556,100.77966053226935,17.438393832407442
2026-08-11 10:06:14,18.891537242490937,1499.6687302712621,59.25941333622356,101.3103087461196,17.563505264684803
2026-08-11 10:06:15,18.087874431026997,1517.945578635178,69.92764350692062,101.39568381078996,18.457688566737396
2026-08-11 10:06:16,18.384511372570056,1494.8238870096384,37.30437713251139,99.4378319734217,18.623646732720474
2026-08-11 10:06:17,18.340093697755506,1502.237879516389,67.11356444076377,99.79077812625547,17.968885550089624
2026-08-11 10:06:18,19.466232369058304,1499.8357710392725,67.06698064895713,98.31656180777905,18.358672766086496
2026-08-11 10:06:19,17.272896125266012,1511.8839327344808,77.89472082247217,99.19412993350382,18.05779033796597
2026-08-11 10:06:20,14.832055631563845,1525.269324258736,16.35585174267854,100.96485163309745,19.90362410737894
2026-08-11 10:06:21,14.880121470911195,1494.6913122707967,14.024177183708595,101.61558282354824,19.904284908510494
2026-08-11 10:06:22,14.575220855138038,1495.1056055748177,19.314616426531007,98.76565112812008,20.03437878815499
2026-08-11 10:06:23,14.894848995663848,1510.4416087706907,13.788570153993323,99.40753574084711,19.995134764842955
2026-08-11 10:06:24,14.84817346768926,1506.818914896263,16.484190744018616,99.97359424304108,20.00327969954116
2026-08-11 10:06:25,15.030078757295241,1518.4670732573604,15.598585160812984,100.28016115881961,19.924150466529994
2026-08-11 10:06:26,15.068351195155431,1505.8392818532595,17.603482578797596,99.19039648007835,19.976959928579422
2026-08-11 10:06:27,15.375234167843177,1496.4070790921294,18.123022393453706,100.4240610444641,19.90757668557317
2026-08-11 10:06:28,15.19008476763721,1505.906548306923,15.064008298131533,99.52616065292908,20.089019841112478
2026-08-11 10:06:29,14.88461926886752,1511.0870358058291,13.493164259307633,99.98554772912172,20.103524933472375
2026-08-11 10:06:30,14.820317065730329,1508.2048218119737,15.919944285878232,100.5462842480037,19.81538121377619
2026-08-11 10:06:31,15.098383834301302,1505.072740311073,13.644569260495787,100.00642226981094,19.90704891398076
2026-08-11 10:06:32,14.735953358595872,1510.6667468958915,19.026774495053246,99.56361410947343,19.85034707449099
2026-08-11 10:06:33,15.36629175317087,1511.6929559044568,15.273070662165475,99.89039019607416,19.93499760655931
2026-08-11 10:06:34,15.235888024144257,1513.8215899103752,14.269356897375783,99.91163704079466,19.991656203020963
2026-08-11 10:06:35,14.90616486957906,1506.4870988758964,15.369360611729817,99.62998897011788,19.855035478030146
2026-08-11 10:06:36,14.657373094181825,1498.3288191968315,12.305747420940607,99.7412039373329,19.907814018687468
2026-08-11 10:06:37,15.270774474833082,1501.4671368643333,13.056771922978697,101.59864717050472,19.89960426279185
2026-08-11 10:06:38,14.977092030949477,1512.0650896650836,17.40082781588885,100.56091944794125,20.020726732939895
2026-08-11 10:06:39,15.247563262394692,1491.8306432901277,13.686211442057209,99.70451968197084,20.006934433703623
2026-08-11 10:06:40,14.681114468241127,1503.686733088729,12.90617803463612,100.69695440451073,19.927826244666274
2026-08-11 10:06:41,14.880124995409245,1496.0666118767265,16.073305505054574,99.66618051024399,20.017682087213938
2026-08-11 10:06:42,15.001048739943636,1500.2874482293482,17.371408309325993,101.17312463758664,19.945331991541273
2026-08-11 10:06:43,15.009396118752948,1512.784518626073,16.437906621330132,100.3696421921981,19.972834488967393
2026-08-11 10:06:44,14.909986905704152,1501.9109906801991,16.992095371611633,99.89269785599578,20.167345209029854
2026-08-11 10:06:45,15.1245699864695,1500.4643654815616,13.486409822861079,100.44771692581028,20.134046105179035
2026-08-11 10:06:46,14.78647591412348,1486.4014385902008,12.156378666516312,98.4291238479315,19.87004187630724
2026-08-11 10:06:47,14.97152410299574,1507.4625356602721,18.002667303910975,98.8732325310902,20.08297324178792
2026-08-11 10:06:48,15.02405912634238,1506.4548418114107,14.354640322315728,98.80607499360094,20.08113965544916
2026-08-11 10:06:49,15.10288776681175,1521.6325472330545,14.498333967089906,100.14294309476371,19.88517367112474
2026-08-11 10:06:50,15.142322975617779,1496.92221765047,17.656388283698117,101.73251499948509,20.081877764375488
2026-08-11 10:06:51,14.775071581632426,1502.1915032766394,16.11246001880132,102.23130014619264,20.153793191841256
2026-08-11 10:06:52,14.693177165852875,1502.4938368371077,15.911775544163214,100.63805110144075,19.88774551937556
2026-08-11 10:06:53,15.255535364379702,1515.7745327976347,19.330004689802166,100.50084447494446,19.908249717898574
2026-08-11 10:06:54,15.066462802395918,1499.0470446761306,13.712963539239714,98.19894226584726,20.10176614668435
2026-08-11 10:06:55,14.85030269268869,1502.7902152577035,16.855680256162476,99.45732620026598,20.027149531082564
2026-08-11 10:06:56,15.310230395104504,1506.0789650971653,15.114026249794168,99.21221624809176,20.05514762752395
2026-08-11 10:06:57,15.023134926858571,1501.8660912315636,15.537184557726514,99.37915240174888,20.03405892164005
2026-08-11 10:06:58,15.235859436812765,1495.5356638544947,18.056936852825064,99.8318561814152,20.039069592092815
2026-08-11 10:06:59,15.013503696282022,1501.940899928983,16.015671512579246,99.52790942230287,19.86735278716889
2026-08-11 10:07:00,15.412149584976397,1510.7363174985978,16.076592158099267,98.02070018962421,20.104731770662145
2026-08-11 10:07:01,15.351068168488641,1489.7348470058894,17.145014674619603,100.74791025611754,20.116958999242776
2026-08-11 10:07:02,14.950207170304186,1501.3296967414688,14.27009454091423,98.92725697426019,19.977060925593197
2026-08-11 10:07:03,15.194314190190871,1492.9987918506083,13.321580665321987,100.23924686411115,19.995652305018613
2026-08-11 10:07:04,15.12907518991703,1511.9504662892484,12.910381611957932,102.07408266974997,19.84688924974443
2026-08-11 10:07:05,15.27372631150647,1484.7681309521622,11.067286821247997,99.08061540841358,20.051425475601782
2026-08-11 10:07:06,14.80701530788398,1494.4107815272841,19.112414259880644,97.46971247725367,20.057205744171416
2026-08-11 10:07:07,15.137210291999688,1503.7721187506452,12.793583268556635,99.7139957781199,19.99378089830007
2026-08-11 10:07:08,15.211684897369917,1515.6552402923435,14.557492752828455,101.10095963499857,20.11243533598705
2026-08-11 10:07:09,14.648252102715377,1499.3424973892702,14.446373400222159,101.9583474542206,19.966592276902006
2026-08-11 10:07:10,14.763348297466845,1494.448004733068,15.614813395618201,98.77045040554758,20.05646059258936
2026-08-11 10:07:11,14.59215356444798,1518.8115706944059,16.631474425078594,100.49669922323652,19.89803356613079
2026-08-11 10:07:12,14.94611863311109,1485.5198609958375,16.72094697671949,99.53468954321994,19.997644784912577
2026-08-11 10:07:13,15.143508451159192,1478.0119404337993,13.833845122862122,99.89405164569587,19.982564574209718
2026-08-11 10:07:14,15.300471410419206,1504.4001445005333,14.665756572427178,102.64434334701704,20.022530792204094
2026-08-11 10:07:15,15.014818956083955,1494.979457756474,15.5651599009766,98.49702967160485,19.963047307116664
2026-08-11 10:07:16,15.325723109114259,1489.787671828693,14.502617747632906,100.25373966149458,19.986852740432834
2026-08-11 10:07:17,14.723979708357021,1507.0835644729934,18.214691152039986,100.46769317176543,20.08260471714415
2026-08-11 10:07:18,14.65932351212897,1502.438007137712,15.981949903276503,101.08578632493935,19.95632357627618
2026-08-11 10:07:19,14.988890460220675,1494.3592136926327,16.469755572099636,100.09798315347089,19.839342289926133
2026-08-11 10:07:20,15.076813089787862,1487.1969560132911,16.325762537334825,100.30805053950411,20.174958390420542
2026-08-11 10:07:21,14.993461050381182,1508.7245732828014,17.34694771497065,99.6083514325782,20.13814540786905
2026-08-11 10:07:22,14.586511579992024,1506.5020117795866,15.362043117407413,100.2691269412451,19.87077373048944
2026-08-11 10:07:23,14.982175992097442,1499.0082413622063,12.406336104088307,99.65680772450258,20.06897078052452
2026-08-11 10:07:24,14.739106099899029,1518.4663699604766,15.799375903505283,100.62157188985606,19.949702522944865
2026-08-11 10:07:25,15.133934509766007,1489.2991523367384,13.697286212416342,99.63038966395636,20.026348721533108
2026-08-11 10:07:26,15.07331964921937,1484.7447482907526,13.942766636500487,100.37710039390218,20.02942241290135
2026-08-11 10:07:27,14.81202404273453,1493.0809193011876,16.172728037510186,99.97073718631502,19.97655921996837
2026-08-11 10:07:28,14.897226616532661,1499.544139836445,17.47656614286727,101.12605025077217,19.92162343344136
2026-08-11 10:07:29,14.78815729562221,1502.4333944932268,15.042543153472124,99.94860627641151,19.930945894768374
2026-08-11 10:07:30,14.987464180545366,1497.5876394214367,15.617666025197927,98.22696753179312,19.908380808451877
2026-08-11 10:07:31,15.191028464100247,1503.5205539651429,18.404429889270475,101.261921500714,19.916817779176956
2026-08-11 10:07:32,14.80285479073289,1487.4846057580955,15.481506358977137,99.09426769913738,19.993282170995066
2026-08-11 10:07:33,15.100809303103569,1514.4376460407325,20.20336622836079,99.34623366135118,19.928424001088924
2026-08-11 10:07:34,14.893948476325512,1499.1784882160744,16.131019291263087,99.4043387059565,20.06820520657126
2026-08-11 10:07:35,14.841425433547531,1511.1729583158813,11.478474481688364,101.37443809317082,20.14872461553359
2026-08-11 10:07:36,14.978593928009088,1503.427253463777,16.506683242209064,97.86432578602131,19.941994675862997
2026-08-11 10:07:37,14.792951535516124,1504.5675321915378,15.762316769765555,103.13774853365999,20.023940450053537
2026-08-11 10:07:38,14.889270138930563,1505.6976728023221,17.57950550816549,101.05605680906605,20.049968511030293
2026-08-11 10:07:39,14.76042442148223,1504.477085600173,16.346362702539917,100.22323891412915,20.047200227091928
2026-08-11 10:07:40,15.392945026583277,1506.4272275986755,14.723088032032452,99.94510599938371,20.007595526791608
2026-08-11 10:07:41,15.007052710394346,1513.2915253013243,12.551403527421268,100.28555407485766,20.074268241835973
2026-08-11 10:07:42,14.860054898401483,1501.9652116970146,14.581953485427949,100.52112242837934,20.048224895268067
2026-08-11 10:07:43,15.042795982146844,1507.0900375758852,13.2989590915814,100.64521558595006,19.87623375776727
2026-08-11 10:07:44,14.977534390061834,1499.1026430571278,13.838953100390555,100.55560446600344,20.08691560643893
2026-08-11 10:07:45,14.955806080093355,1514.4011721544948,16.177156808841218,100.08958068125524,20.088729083726673
2026-08-11 10:07:46,15.122833340008684,1493.2360769794072,18.33980900870281,99.80266157969267,19.923671389582143
2026-08-11 10:07:47,15.151501542009461,1518.009404329108,15.789343059645962,99.84872671634649,20.00379378354476
2026-08-11 10:07:48,14.893899770477894,1499.5984204935567,12.608233875929631,99.80509171964732,20.068332899281106
2026-08-11 10:07:49,14.884836351871064,1485.6922489788194,15.88920533644028,101.13377009686707,19.979068618042064
2026-08-11 10:07:50,14.944989660569671,1501.2810441491079,17.393262973291304,100.59355672228087,20.1072978047766
2026-08-11 10:07:51,14.539615767052883,1493.1894834252512,13.780434191361236,97.05961136533573,20.236387249461934
2026-08-11 10:07:52,14.696961787560289,1508.4064354898871,14.731965666654165,100.65590077652976,19.921401396736503
2026-08-11 10:07:53,15.273374853488905,1493.473760206976,15.029376389458394,100.19473619471877,19.86189553968462
2026-08-11 10:07:54,15.328993542700257,1495.5381656678521,13.43020337383552,99.9812912435541,20.03038185956049
2026-08-11 10:07:55,14.950192792088725,1481.1045926905447,16.296560867687717,99.61148154691111,20.072156250512613
2026-08-11 10:07:56,15.115311392611153,1495.4769368075092,14.758103702784437,101.12411271998602,19.976913362615523
2026-08-11 10:07:57,15.062250030908707,1475.7612067337104,15.839064887814056,100.94752646212285,20.145326066332103
2026-08-11 10:07:58,15.615776161691048,1484.1609717651427,13.2250156443958,99.22712233217639,19.866139420027675
2026-08-11 10:07:59,15.223914982286916,1507.604146561443,14.12508339935318,100.40705228712453,20.06929186230316
2026-08-11 10:08:00,14.974416481703846,1507.8580015865084,16.444762715655543,99.02834326545872,19.93941391792411
2026-08-11 10:08:01,14.808891911879915,1504.2545756178497,14.254333695816467,98.62038183521106,20.17193779062073
2026-08-11 10:08:02,14.678710735948485,1490.330238568708,18.45392770246681,99.37328277541003,20.19925153531681
2026-08-11 10:08:03,15.040692727173445,1499.5228864385801,14.200727628770796,100.86239347238276,19.923334341221665
2026-08-11 10:08:04,14.848729850943139,1499.9639746090943,15.449369451503772,100.95312504537608,19.945044286409143
2026-08-11 10:08:05,14.715549258080465,1488.4163531080746,16.86518166374618,100.5130854200973,20.08595878869798
2026-08-11 10:08:06,14.870685423151494,1515.0339830176715,12.163268534133937,100.725095786848,19.96128693502105
2026-08-11 10:08:07,14.783690399277122,1508.7736229057566,11.478382376038448,100.51617828711495,19.995458878206776
2026-08-11 10:08:08,15.337428327014512,1497.7903582617034,11.94868737085981,99.35851840477704,20.002538842054243
2026-08-11 10:08:09,15.17632795138989,1500.2688583899453,17.525168206854364,100.43192254467394,19.808032684380233
2026-08-11 10:08:10,14.998405471736676,1502.0838280794756,13.896283708215107,100.80040952522768,19.998616225390577
2026-08-11 10:08:11,15.295988827778006,1479.5826513157572,20.116398571336504,100.75429132981357,19.93102722259358
2026-08-11 10:08:12,15.015473661529523,1497.528226174794,13.871504802685223,101.18891337147464,19.950687717760022
2026-08-11 10:08:13,14.827743159734347,1493.180157520022,15.369102606394074,100.70830384720107,20.14436320034688
2026-08-11 10:08:14,15.30462481545393,1489.9837999010508,18.08421990513575,100.35144820754158,19.874349310572075
2026-08-11 10:08:15,15.107782008736931,1497.1889970711404,19.012185776318248,101.07015023831643,20.081320518674797
2026-08-11 10:08:16,14.792550769134708,1517.9768652684952,19.123007153272795,99.97347874075093,19.97210370696682
2026-08-11 10:08:17,14.961932264383279,1506.4084286126701,17.416732461186285,99.11812534877228,19.972023983150418
2026-08-11 10:08:18,14.824876349323048,1494.2882101021721,17.048125051622925,99.83693303605624,20.07903718960517
2026-08-11 10:08:19,14.723440053807133,1505.7258278135616,16.185053898402366,99.25509735519356,20.03400512945689
