Timestamp,Address,Step_Name,Phase,Zone_Temp_C,Gas_Flow_sccm,Chamber_Pressure_Torr,Ramp_Rate_C_sec,Status
2026-08-12 09:00:00,step_10,활성화_열처리,IDLE,52.321860782947546,24.828611357129123,38.011106747319566,2.498726443023415,NORMAL
2026-08-12 09:00:05,step_10,활성화_열처리,IDLE,52.51112602475316,24.627769435982355,37.82642660630524,2.494345617807981,NORMAL
2026-08-12 09:00:10,step_10,활성화_열처리,IDLE,52.863358647332475,24.767815921116803,38.244178858532976,2.4988312636524324,NORMAL
2026-08-12 09:00:15,step_10,활성화_열처리,IDLE,52.76953561710253,24.812274908511046,37.953187546620384,2.4800064277972367,NORMAL
2026-08-12 09:00:20,step_10,활성화_열처리,IDLE,52.68175269562487,25.130398790088126,38.07463732418254,2.4628177551698145,NORMAL
2026-08-12 09:00:25,step_10,활성화_열처리,IDLE,52.65913740402448,25.288053415767166,37.99646831404051,2.4476390618321275,NORMAL
2026-08-12 09:00:30,step_10,활성화_열처리,IDLE,52.63989001812131,24.631698342531184,37.919691541928096,2.496720496143379,NORMAL
2026-08-12 09:00:35,step_10,활성화_열처리,IDLE,52.73175096690198,25.087990268552012,37.907794695282256,2.4892249723541764,NORMAL
2026-08-12 09:00:40,step_10,활성화_열처리,IDLE,52.40867424285562,24.705825453557274,38.15856791731007,2.4831015583799045,NORMAL
2026-08-12 09:00:45,step_10,활성화_열처리,IDLE,52.228982786845,25.1572713522535,38.09559380601783,2.5330637115707915,NORMAL
2026-08-12 09:00:50,step_10,활성화_열처리,IDLE,52.513800700147414,24.844317354749062,38.194358408737756,2.478514045330117,NORMAL
2026-08-12 09:00:55,step_10,활성화_열처리,IDLE,52.33648368264446,24.73716774549418,38.00554533351577,2.5354208520534702,NORMAL
2026-08-12 09:01:00,step_10,활성화_열처리,IDLE,52.288995848924564,25.199916128836893,38.0287919621246,2.5405960936067316,NORMAL
2026-08-12 09:01:05,step_10,활성화_열처리,IDLE,52.355944284682415,24.853269348638726,37.97328084343447,2.4512274883302654,NORMAL
2026-08-12 09:01:10,step_10,활성화_열처리,IDLE,52.99706278490674,24.921009012161825,37.9712917796885,2.502309536474974,NORMAL
2026-08-12 09:01:15,step_10,활성화_열처리,IDLE,52.527224926815165,24.445002728110907,37.895811306752265,2.4900075877291004,NORMAL
2026-08-12 09:01:20,step_10,활성화_열처리,IDLE,52.572381567272195,25.23663784035587,38.00840101909243,2.4272049013820682,NORMAL
2026-08-12 09:01:25,step_10,활성화_열처리,IDLE,52.25552743859915,25.205227130292275,37.92107534051138,2.4638839686732896,NORMAL
2026-08-12 09:01:30,step_10,활성화_열처리,IDLE,52.13124940824147,25.001364461070327,38.04419089221642,2.519373402677712,NORMAL
2026-08-12 09:01:35,step_10,활성화_열처리,IDLE,52.33618947137624,24.61810476466106,38.01700102189802,2.5504799813177814,NORMAL
2026-08-12 09:01:40,step_10,활성화_열처리,RAMP,53.650556468167,26.209369178334764,38.11507281747029,2.5902678142699247,NORMAL
2026-08-12 09:01:45,step_10,활성화_열처리,RAMP,105.26742037286121,49.33373661363921,76.67005197587609,5.032363247251298,NORMAL
2026-08-12 09:01:50,step_10,활성화_열처리,RAMP,157.9788760731555,74.5466465498994,113.98491282009377,7.4978667618368915,NORMAL
2026-08-12 09:01:55,step_10,활성화_열처리,RAMP,210.59085283136164,102.31204405635953,152.30269080114138,10.16826629146481,NORMAL
2026-08-12 09:02:00,step_10,활성화_열처리,RAMP,262.0269204961614,124.29636355589076,190.82060378563423,12.714823920195764,NORMAL
2026-08-12 09:02:05,step_10,활성화_열처리,RAMP,316.1103724671787,150.7422099624265,228.522646827718,14.941315732047581,NORMAL
2026-08-12 09:02:10,step_10,활성화_열처리,RAMP,366.9937539206223,175.56209226208261,266.4612678793819,17.300001343968972,NORMAL
2026-08-12 09:02:15,step_10,활성화_열처리,RAMP,421.12498588741005,200.39017219288007,303.8773247137918,19.79018125367288,NORMAL
2026-08-12 09:02:20,step_10,활성화_열처리,RAMP,472.85384172490825,225.2820005425545,342.09185722222713,22.63218809921598,NORMAL
2026-08-12 09:02:25,step_10,활성화_열처리,RAMP,523.5687638766029,250.3763885618892,379.47268948318805,24.99529414592256,NORMAL
2026-08-12 09:02:30,step_10,활성화_열처리,RAMP,576.9015924107196,275.2719405909405,418.1995657603858,27.51832419104587,NORMAL
2026-08-12 09:02:35,step_10,활성화_열처리,RAMP,628.5720491737023,299.94808164122395,456.1097840710455,29.82093490070433,NORMAL
2026-08-12 09:02:40,step_10,활성화_열처리,RAMP,683.4306257062353,326.5112831241107,494.0093540500625,32.42468110872115,NORMAL
2026-08-12 09:02:45,step_10,활성화_열처리,RAMP,734.9802116633581,348.68733943920074,532.4108779152972,34.970451918609925,NORMAL
2026-08-12 09:02:50,step_10,활성화_열처리,RAMP,785.7173260480401,376.0214581040154,569.5168900710303,37.520783838336406,NORMAL
2026-08-12 09:02:55,step_10,활성화_열처리,RAMP,840.3005975053758,400.82234229868754,608.6539451404641,39.960140796108625,NORMAL
2026-08-12 09:03:00,step_10,활성화_열처리,RAMP,892.0702685900893,425.6983991213294,646.3607058751761,42.39626738016987,NORMAL
2026-08-12 09:03:05,step_10,활성화_열처리,RAMP,943.8129553159733,451.1169794276401,683.9717464081392,44.92154330073975,NORMAL
2026-08-12 09:03:10,step_10,활성화_열처리,RAMP,998.842372669575,474.9074006047316,721.940508164873,47.62083232859472,NORMAL
2026-08-12 09:03:15,step_10,활성화_열처리,RAMP,1050.0858286928772,498.1310259241731,760.1922444860994,50.02447846196035,NORMAL
2026-08-12 09:03:20,step_10,활성화_열처리,ACTIVE,1049.647882317224,499.8915610104283,760.9125107392383,50.09182352104333,NORMAL
2026-08-12 09:03:25,step_10,활성화_열처리,ACTIVE,1049.5206902628167,498.51320867356316,760.060964631214,49.8651689283684,NORMAL
2026-08-12 09:03:30,step_10,활성화_열처리,ACTIVE,1048.1840646370106,498.9022111852129,760.0864185411875,49.556926477189904,NORMAL
2026-08-12 09:03:35,step_10,활성화_열처리,ACTIVE,1048.434541320499,498.13637048925136,760.0108710865755,49.921534353967324,NORMAL
2026-08-12 09:03:40,step_10,활성화_열처리,ACTIVE,1051.5419001418502,499.28398271233425,761.0692144676209,49.87001441683618,NORMAL
2026-08-12 09:03:45,step_10,활성화_열처리,ACTIVE,1049.431340556257,499.10506445902485,759.7786701382378,50.052351840294214,NORMAL
2026-08-12 09:03:50,step_10,활성화_열처리,ACTIVE,1050.0264812411242,496.43364525510935,759.9822954408286,50.49285855705227,NORMAL
2026-08-12 09:03:55,step_10,활성화_열처리,ACTIVE,1047.5468034285586,501.05033286692344,760.8780613925566,50.104274902642736,NORMAL
2026-08-12 09:04:00,step_10,활성화_열처리,ACTIVE,1048.4182895570455,503.3304827870073,760.0882065001678,50.41039402390752,NORMAL
2026-08-12 09:04:05,step_10,활성화_열처리,ACTIVE,1050.7317750238497,500.90935579024443,760.6822353160273,50.08531545430092,NORMAL
2026-08-12 09:04:10,step_10,활성화_열처리,ACTIVE,1050.4532541121366,499.69561406519864,759.4532319658582,49.90551706436409,NORMAL
2026-08-12 09:04:15,step_10,활성화_열처리,ACTIVE,1052.1040502384692,499.91788040648566,759.8768244870229,50.05218741171813,NORMAL
2026-08-12 09:04:20,step_10,활성화_열처리,ACTIVE,1051.6115475979575,499.3685211979802,760.8906604230641,50.267095789921655,NORMAL
2026-08-12 09:04:25,step_10,활성화_열처리,ACTIVE,1049.7231468330183,500.13506237580043,759.5941961705419,50.27443438944819,NORMAL
2026-08-12 09:04:30,step_10,활성화_열처리,ACTIVE,1050.567544277656,499.94448785889017,759.9092205761382,49.91369939479354,NORMAL
2026-08-12 09:04:35,step_10,활성화_열처리,ACTIVE,1049.6200758685163,498.7384273544026,760.1540111385349,50.037977554354896,NORMAL
2026-08-12 09:04:40,step_10,활성화_열처리,ACTIVE,1052.4657717823663,502.52433258342177,759.4065072892042,49.78560996804933,NORMAL
2026-08-12 09:04:45,step_10,활성화_열처리,ACTIVE,1051.378817635263,497.76926864643536,759.7517139288269,50.12370029370371,NORMAL
2026-08-12 09:04:50,step_10,활성화_열처리,ACTIVE,1050.2036221090293,501.07749731479134,760.0675820090954,50.233003204858385,NORMAL
2026-08-12 09:04:55,step_10,활성화_열처리,ACTIVE,1050.2404737418517,499.8482035590237,760.0280090404972,50.0059699181174,NORMAL
2026-08-12 09:05:00,step_10,활성화_열처리,ACTIVE,1051.7338203447118,502.8512477225986,760.7682112125023,49.89989239184598,NORMAL
2026-08-12 09:05:05,step_10,활성화_열처리,ACTIVE,1050.6954934165367,500.51129689887233,760.9248743168994,50.054019642691635,NORMAL
2026-08-12 09:05:10,step_10,활성화_열처리,ACTIVE,1051.8703536204841,499.4601416942251,759.4863490767995,50.062618854704475,NORMAL
2026-08-12 09:05:15,step_10,활성화_열처리,ACTIVE,1047.3676224884894,499.62843920234826,760.0667611115005,50.01217157477744,NORMAL
2026-08-12 09:05:20,step_10,활성화_열처리,ACTIVE,1050.5534739137986,500.05986004177964,760.4045489850548,50.026807268650394,NORMAL
2026-08-12 09:05:25,step_10,활성화_열처리,ACTIVE,1049.3814781623823,498.2858139575054,760.9098084794795,49.9739277724296,NORMAL
2026-08-12 09:05:30,step_10,활성화_열처리,ACTIVE,1052.1076535851537,498.8496957123231,760.4310941783903,50.14939323923396,NORMAL
2026-08-12 09:05:35,step_10,활성화_열처리,ACTIVE,1051.8556784246277,497.3225840462122,760.1745480409554,50.11043411677477,NORMAL
2026-08-12 09:05:40,step_10,활성화_열처리,ACTIVE,1050.0394029709216,498.61553465243884,760.3999255191895,49.85253452792838,NORMAL
2026-08-12 09:05:45,step_10,활성화_열처리,ACTIVE,1051.8427571745733,500.1408597224907,760.4042613006018,49.848411409526214,NORMAL
2026-08-12 09:05:50,step_10,활성화_열처리,ACTIVE,1052.139737423991,500.4502625739268,759.4433714246294,49.96184383744602,NORMAL
2026-08-12 09:05:55,step_10,활성화_열처리,ACTIVE,1050.0892880063113,497.0310054575054,760.1156792755038,50.11052556861578,NORMAL
2026-08-12 09:06:00,step_10,활성화_열처리,ACTIVE,1052.9663205269183,499.7941824454337,760.8754965965132,50.022208612083624,NORMAL
2026-08-12 09:06:05,step_10,활성화_열처리,ACTIVE,1049.9623906167963,500.8451149262332,759.8755859387836,49.9035274384816,NORMAL
2026-08-12 09:06:10,step_10,활성화_열처리,ACTIVE,1049.742574859597,499.75563170993564,760.0776679855285,50.03922778950887,NORMAL
2026-08-12 09:06:15,step_10,활성화_열처리,ACTIVE,1051.0390471063013,499.0493170313333,759.8544901302844,49.95037842207166,NORMAL
2026-08-12 09:06:20,step_10,활성화_열처리,ACTIVE,1049.5754511226291,499.38175828242765,758.6116843026359,50.13207296903362,NORMAL
2026-08-12 09:06:25,step_10,활성화_열처리,ACTIVE,1050.102407730954,499.18885496753416,760.0123541063408,50.04995876526006,NORMAL
2026-08-12 09:06:30,step_10,활성화_열처리,ACTIVE,1051.691321308861,499.0449041613379,760.1810751583918,49.95270827188218,NORMAL
2026-08-12 09:06:35,step_10,활성화_열처리,ACTIVE,1050.0230626226607,500.26073528786725,759.6925039654715,50.03472781580697,NORMAL
2026-08-12 09:06:40,step_10,활성화_열처리,ACTIVE,1047.9659786484297,503.4615323416032,759.3072178306692,50.19725720892863,NORMAL
2026-08-12 09:06:45,step_10,활성화_열처리,ACTIVE,1050.440783265419,498.8844501246422,759.471636124131,49.91455548851804,NORMAL
2026-08-12 09:06:50,step_10,활성화_열처리,ACTIVE,1049.164447705137,499.52278605100787,760.4585125696814,50.060398547247075,NORMAL
2026-08-12 09:06:55,step_10,활성화_열처리,ACTIVE,1051.0383253887535,499.92245309093715,761.1835148638281,49.9894309489301,NORMAL
2026-08-12 09:07:00,step_10,활성화_열처리,ACTIVE,1050.8354276589914,498.96896834846257,760.8294600045433,50.06404755257932,NORMAL
2026-08-12 09:07:05,step_10,활성화_열처리,ACTIVE,1051.7656804177998,501.6473537052851,759.1933923971017,49.90181525876064,NORMAL
2026-08-12 09:07:10,step_10,활성화_열처리,ACTIVE,1051.0890387609513,496.44367194004036,760.5127763863304,50.016550314973905,NORMAL
2026-08-12 09:07:15,step_10,활성화_열처리,ACTIVE,1051.3082931403897,499.203411244432,759.6021025745144,50.16617349236252,NORMAL
2026-08-12 09:07:20,step_10,활성화_열처리,ACTIVE,1049.1970838878347,501.22747060447995,759.6506397624947,49.85944895281308,NORMAL
2026-08-12 09:07:25,step_10,활성화_열처리,ACTIVE,1050.9647837950686,499.55885853741705,759.7228146412173,49.80058923450124,NORMAL
2026-08-12 09:07:30,step_10,활성화_열처리,ACTIVE,1052.3621415472323,498.76874156172454,760.4236401699133,49.806281665326956,NORMAL
2026-08-12 09:07:35,step_10,활성화_열처리,ACTIVE,1049.173620109636,500.66113513165817,760.5755520258695,49.82440062046997,NORMAL
2026-08-12 09:07:40,step_10,활성화_열처리,ACTIVE,1052.1596859500726,501.35951485309573,759.9411813572322,50.0892984931839,NORMAL
2026-08-12 09:07:45,step_10,활성화_열처리,ACTIVE,1049.3407798905585,500.3159531678226,759.9513575553951,49.78912104712018,NORMAL
2026-08-12 09:07:50,step_10,활성화_열처리,ACTIVE,1048.97763450594,498.7981694602807,760.2785582459414,49.95531569828847,NORMAL
2026-08-12 09:07:55,step_10,활성화_열처리,ACTIVE,1050.3554405320258,500.6843049787276,760.3407967237146,50.092743395496605,NORMAL
2026-08-12 09:08:00,step_10,활성화_열처리,ACTIVE,1050.8590924993546,499.3969260495878,760.7057354240551,50.06249885908229,NORMAL
2026-08-12 09:08:05,step_10,활성화_열처리,ACTIVE,1051.0941001487668,501.11778032284076,759.2293768146944,49.94216615300563,NORMAL
2026-08-12 09:08:10,step_10,활성화_열처리,ACTIVE,1048.8458850950722,502.2248883272849,760.0120164038824,50.028638559763266,NORMAL
2026-08-12 09:08:15,step_10,활성화_열처리,ACTIVE,1050.5214481167052,496.0916348664672,759.3591853744653,50.01607179946063,NORMAL
