Timestamp,Address,Step_Name,Phase,Current_Density_mA_cm2,Bath_Temp_C,Additive_Conc_ppm,Plating_Time_sec,Status
2026-08-12 09:00:00,step_30,구리_전해도금,IDLE,0.22652793640560687,1.2289308249326698,0.50978252418403,8.7852304507966,NORMAL
2026-08-12 09:00:05,step_30,구리_전해도금,IDLE,0.22505790675367401,1.2765387372158175,0.5223722507443542,8.90458652972606,NORMAL
2026-08-12 09:00:10,step_30,구리_전해도금,IDLE,0.22948682902220394,1.2172253070321721,0.5156476067352532,9.036389401596942,NORMAL
2026-08-12 09:00:15,step_30,구리_전해도금,IDLE,0.22272697221518384,1.2717619354293888,0.4959612660062865,9.039102139630318,NORMAL
2026-08-12 09:00:20,step_30,구리_전해도금,IDLE,0.22311936314734773,1.2530125549606443,0.5086856284069107,8.96288758979353,NORMAL
2026-08-12 09:00:25,step_30,구리_전해도금,IDLE,0.22487522958114972,1.242139346415257,0.5033940667993118,9.001383910539289,NORMAL
2026-08-12 09:00:30,step_30,구리_전해도금,IDLE,0.22376621402522603,1.2279254544686231,0.4934054890029302,8.99783817422311,NORMAL
2026-08-12 09:00:35,step_30,구리_전해도금,IDLE,0.22385180595023038,1.2410076555645286,0.5042729311495313,9.008472296084065,NORMAL
2026-08-12 09:00:40,step_30,구리_전해도금,IDLE,0.23007107330706456,1.2475448441322416,0.49526190097734213,8.981399773353704,NORMAL
2026-08-12 09:00:45,step_30,구리_전해도금,IDLE,0.22531760675455711,1.2529237708033274,0.5012435364917143,9.040768420722785,NORMAL
2026-08-12 09:00:50,step_30,구리_전해도금,IDLE,0.2230382864162555,1.271683960829216,0.48621602289082194,9.055305485434289,NORMAL
2026-08-12 09:00:55,step_30,구리_전해도금,IDLE,0.2240249581232568,1.2511012129882249,0.48237069013094613,8.952019181000399,NORMAL
2026-08-12 09:01:00,step_30,구리_전해도금,IDLE,0.22601222889837547,1.2547948103726714,0.4971346310720421,8.940281368413228,NORMAL
2026-08-12 09:01:05,step_30,구리_전해도금,IDLE,0.22584341896182783,1.2552517068847302,0.5031814156197172,8.960194288434488,NORMAL
2026-08-12 09:01:10,step_30,구리_전해도금,IDLE,0.2235568406239599,1.2450869349898623,0.48872136318429643,9.002435900944537,NORMAL
2026-08-12 09:01:15,step_30,구리_전해도금,IDLE,0.2209299207715992,1.2471168961118653,0.5052629525438664,9.017781562029034,NORMAL
2026-08-12 09:01:20,step_30,구리_전해도금,IDLE,0.2248736493513745,1.2483957132438717,0.5004274951253058,9.039422500250332,NORMAL
2026-08-12 09:01:25,step_30,구리_전해도금,IDLE,0.22480601268656758,1.2593968191380163,0.5065025168818329,9.04857109430637,NORMAL
2026-08-12 09:01:30,step_30,구리_전해도금,IDLE,0.22338467444725102,1.2363060687444847,0.5094563855535895,9.018122430441894,NORMAL
2026-08-12 09:01:35,step_30,구리_전해도금,IDLE,0.22819944941516457,1.2424013433161223,0.5134357664295925,9.011479591307532,NORMAL
2026-08-12 09:01:40,step_30,구리_전해도금,RAMP,0.23074577900850213,1.271380353622687,0.5241308824348241,9.329779101438204,NORMAL
2026-08-12 09:01:45,step_30,구리_전해도금,RAMP,0.4513481836490171,2.435410989645626,0.9881894263621667,18.001000007704192,NORMAL
2026-08-12 09:01:50,step_30,구리_전해도금,RAMP,0.6713928870746994,3.7568190112388313,1.5075545101636905,27.118009365970316,NORMAL
2026-08-12 09:01:55,step_30,구리_전해도금,RAMP,0.9173302862347872,4.967259346185854,2.093167237246868,36.064050929323294,NORMAL
2026-08-12 09:02:00,step_30,구리_전해도금,RAMP,1.1134552715914583,6.280317173795921,2.539418588473288,44.965362718049775,NORMAL
2026-08-12 09:02:05,step_30,구리_전해도금,RAMP,1.3450340393606162,7.582429378967408,3.0028614425864566,53.96668244681362,NORMAL
2026-08-12 09:02:10,step_30,구리_전해도금,RAMP,1.5704763191536155,8.71732236847583,3.493978647758379,63.26439135340694,NORMAL
2026-08-12 09:02:15,step_30,구리_전해도금,RAMP,1.8029896061338697,10.045462050478012,3.976070425334539,71.9819539387371,NORMAL
2026-08-12 09:02:20,step_30,구리_전해도금,RAMP,2.0316088483037444,11.262036191119867,4.452512057896386,80.92946616853224,NORMAL
2026-08-12 09:02:25,step_30,구리_전해도금,RAMP,2.236634253810301,12.476970766923055,5.0683245347960035,89.85258885361569,NORMAL
2026-08-12 09:02:30,step_30,구리_전해도금,RAMP,2.468153899753457,13.750397903790704,5.519139961920602,99.08450708497101,NORMAL
2026-08-12 09:02:35,step_30,구리_전해도금,RAMP,2.7044764439307674,15.077877410414102,5.949245834005947,107.8975723936729,NORMAL
2026-08-12 09:02:40,step_30,구리_전해도금,RAMP,2.9183485339370385,16.23969080983445,6.494986456371802,117.0663588977699,NORMAL
2026-08-12 09:02:45,step_30,구리_전해도금,RAMP,3.1459822391333705,17.57854645125118,7.0508195387077635,126.03554474800272,NORMAL
2026-08-12 09:02:50,step_30,구리_전해도금,RAMP,3.3767264470216993,18.742802010053488,7.482122393697164,134.91452239626247,NORMAL
2026-08-12 09:02:55,step_30,구리_전해도금,RAMP,3.590200745193101,19.915254371933003,7.967420533326839,143.72088315448656,NORMAL
2026-08-12 09:03:00,step_30,구리_전해도금,RAMP,3.8277761132271273,21.241195577337805,8.51427075161358,152.79415513786475,NORMAL
2026-08-12 09:03:05,step_30,구리_전해도금,RAMP,4.056125598367358,22.410581658891328,9.026326015327337,161.8256256956428,NORMAL
2026-08-12 09:03:10,step_30,구리_전해도금,RAMP,4.275383867787157,23.730937274329698,9.482172684007455,170.7991940077073,NORMAL
2026-08-12 09:03:15,step_30,구리_전해도금,RAMP,4.514253838151004,24.97863289593981,9.976018456583661,180.09105356478383,NORMAL
2026-08-12 09:03:20,step_30,구리_전해도금,ACTIVE,4.510881337680946,25.16351700921171,10.02763522702684,180.63875260400215,NORMAL
2026-08-12 09:03:25,step_30,구리_전해도금,ACTIVE,4.499386174017075,25.144843087682563,9.932509280414507,179.84670297744512,NORMAL
2026-08-12 09:03:30,step_30,구리_전해도금,ACTIVE,4.495178628265028,25.007685800476754,9.967707882218525,179.88471759615723,NORMAL
2026-08-12 09:03:35,step_30,구리_전해도금,ACTIVE,4.526320788594085,25.10902207883236,9.992778445114226,179.8246252357541,NORMAL
2026-08-12 09:03:40,step_30,구리_전해도금,ACTIVE,4.490078143443635,24.96420317589769,10.044341923174443,180.2573030281889,NORMAL
2026-08-12 09:03:45,step_30,구리_전해도금,ACTIVE,4.495917411664261,24.871548044326815,9.97433961487216,180.127907058118,NORMAL
2026-08-12 09:03:50,step_30,구리_전해도금,ACTIVE,4.493852749569358,25.04750438974728,10.033797214299359,179.99501177335335,NORMAL
2026-08-12 09:03:55,step_30,구리_전해도금,ACTIVE,4.505967050846488,25.032524445502133,10.069962100374955,179.63606655973493,NORMAL
2026-08-12 09:04:00,step_30,구리_전해도금,ACTIVE,4.533827344417697,24.915622339780167,9.969613717359504,179.7096712979257,NORMAL
2026-08-12 09:04:05,step_30,구리_전해도금,ACTIVE,4.503700090648633,24.919602765131764,10.193375706549133,180.05258807266745,NORMAL
2026-08-12 09:04:10,step_30,구리_전해도금,ACTIVE,4.495168889110131,25.084561008750306,10.08517473450526,180.06698618712718,NORMAL
2026-08-12 09:04:15,step_30,구리_전해도금,ACTIVE,4.5028300735901015,24.848482299732407,10.01634719807755,179.99516721241028,NORMAL
2026-08-12 09:04:20,step_30,구리_전해도금,ACTIVE,4.48030712087322,25.05023629681485,9.989092808673462,180.19947813817808,NORMAL
2026-08-12 09:04:25,step_30,구리_전해도금,ACTIVE,4.497183233885714,24.971697178256754,9.966680806867476,179.6332267891074,NORMAL
2026-08-12 09:04:30,step_30,구리_전해도금,ACTIVE,4.525561264336876,25.05036072460571,10.099676200735312,180.091076963148,NORMAL
2026-08-12 09:04:35,step_30,구리_전해도금,ACTIVE,4.509929849969459,25.088947515456162,10.012629982379615,180.07439589662903,NORMAL
2026-08-12 09:04:40,step_30,구리_전해도금,ACTIVE,4.518464509811065,24.92131085667919,9.9136708421484,179.71261823439897,NORMAL
2026-08-12 09:04:45,step_30,구리_전해도금,ACTIVE,4.51520019607638,24.897384476638035,9.897272696060051,179.81853008351928,NORMAL
2026-08-12 09:04:50,step_30,구리_전해도금,ACTIVE,4.489368005611945,25.131965777916708,10.006746499561634,180.20793884270685,NORMAL
2026-08-12 09:04:55,step_30,구리_전해도금,ACTIVE,4.528679823572962,24.994853224537888,10.008066722188985,179.65842250555497,NORMAL
2026-08-12 09:05:00,step_30,구리_전해도금,ACTIVE,4.4733592718230994,25.02949730524479,9.944981753908973,180.73913132097618,NORMAL
2026-08-12 09:05:05,step_30,구리_전해도금,ACTIVE,4.504987460828425,25.081969363310666,9.909133790748927,180.16672848026752,NORMAL
2026-08-12 09:05:10,step_30,구리_전해도금,ACTIVE,4.469105249088476,24.913484077634678,9.88221466623683,179.9827989568056,NORMAL
2026-08-12 09:05:15,step_30,구리_전해도금,ACTIVE,4.474300385811751,25.081176568632312,9.95444019572927,179.92435429968853,NORMAL
2026-08-12 09:05:20,step_30,구리_전해도금,ACTIVE,4.514033477262618,25.057613788544053,9.978235116703399,180.23646044959258,NORMAL
2026-08-12 09:05:25,step_30,구리_전해도금,ACTIVE,4.489630008411959,25.13230205786342,10.04150627412578,179.8765951405211,NORMAL
2026-08-12 09:05:30,step_30,구리_전해도금,ACTIVE,4.518673283666033,25.13073246813827,9.992179962462988,179.88890512259667,NORMAL
2026-08-12 09:05:35,step_30,구리_전해도금,ACTIVE,4.467384488318293,25.005709288013385,10.063839233710695,180.4357764824351,NORMAL
2026-08-12 09:05:40,step_30,구리_전해도금,ACTIVE,4.498672376992195,25.06777505589609,10.036304289760642,179.85853230154038,NORMAL
2026-08-12 09:05:45,step_30,구리_전해도금,ACTIVE,4.481760863124633,25.004009608417395,10.030793803650596,180.0408244045516,NORMAL
2026-08-12 09:05:50,step_30,구리_전해도금,ACTIVE,4.495072180237496,25.0130719740039,10.058754918657998,179.7719363772159,NORMAL
2026-08-12 09:05:55,step_30,구리_전해도금,ACTIVE,4.523225229229763,24.8984026740464,9.916798326130232,180.07771214324632,NORMAL
2026-08-12 09:06:00,step_30,구리_전해도금,ACTIVE,4.5268770332029336,24.979795435035456,9.96782536895173,180.17418433033203,NORMAL
2026-08-12 09:06:05,step_30,구리_전해도금,ACTIVE,4.5076939337287465,24.838471131890422,10.1440848716409,180.50486865275755,NORMAL
2026-08-12 09:06:10,step_30,구리_전해도금,ACTIVE,4.476080705798282,24.987626758338926,9.885626374501411,179.71879533300822,NORMAL
2026-08-12 09:06:15,step_30,구리_전해도금,ACTIVE,4.481899726713386,25.11880384852164,9.982132447716078,179.56563773871144,NORMAL
2026-08-12 09:06:20,step_30,구리_전해도금,ACTIVE,4.502400824431999,25.070013632656273,10.028568919744824,179.9199628188654,NORMAL
2026-08-12 09:06:25,step_30,구리_전해도금,ACTIVE,4.487911366432053,25.0101023324056,9.8873837814504,179.81486580279417,NORMAL
2026-08-12 09:06:30,step_30,구리_전해도금,ACTIVE,4.509869588073932,24.9818159628755,9.954839180098631,179.99536588843378,NORMAL
2026-08-12 09:06:35,step_30,구리_전해도금,ACTIVE,4.52513887690025,24.951371204049227,10.119759779399102,180.15659649775944,NORMAL
2026-08-12 09:06:40,step_30,구리_전해도금,ACTIVE,4.48525995158964,24.917334089607124,10.01022642926005,180.67950692274707,NORMAL
2026-08-12 09:06:45,step_30,구리_전해도금,ACTIVE,4.486574076603621,25.073680202631667,9.965532855898912,179.86455439282366,NORMAL
2026-08-12 09:06:50,step_30,구리_전해도금,ACTIVE,4.482293472305171,24.861846947444057,10.012628209741639,179.3368788937341,NORMAL
2026-08-12 09:06:55,step_30,구리_전해도금,ACTIVE,4.496186116113236,24.8597791833299,9.96541848039162,179.92860700514768,NORMAL
2026-08-12 09:07:00,step_30,구리_전해도금,ACTIVE,4.500783412197974,25.0813922031646,10.102751295081337,180.10515829941698,NORMAL
2026-08-12 09:07:05,step_30,구리_전해도금,ACTIVE,4.500323722244729,25.01870677915428,9.940538379209498,179.70911077798186,NORMAL
2026-08-12 09:07:10,step_30,구리_전해도금,ACTIVE,4.513465279309458,25.00403427689229,9.96863246978544,180.0701047358744,NORMAL
2026-08-12 09:07:15,step_30,구리_전해도금,ACTIVE,4.505894574196453,25.018635452562677,9.910466696237123,180.04124446060348,NORMAL
2026-08-12 09:07:20,step_30,구리_전해도금,ACTIVE,4.499119287724619,25.180907714152006,9.982273289516806,180.07795552319968,NORMAL
2026-08-12 09:07:25,step_30,구리_전해도금,ACTIVE,4.500613731127269,25.005043493950797,9.989526052752439,180.23739658623896,NORMAL
2026-08-12 09:07:30,step_30,구리_전해도금,ACTIVE,4.501282681747156,25.02639614849184,10.071738439833705,179.975192614699,NORMAL
2026-08-12 09:07:35,step_30,구리_전해도금,ACTIVE,4.499132939658134,25.185225223173504,9.938996129807459,180.16426129695185,NORMAL
2026-08-12 09:07:40,step_30,구리_전해도금,ACTIVE,4.489843280020015,24.99427679266181,10.029017710478115,179.4603116558309,NORMAL
2026-08-12 09:07:45,step_30,구리_전해도금,ACTIVE,4.4819539404170365,25.155368614896215,10.005203627759075,179.7112862124622,NORMAL
2026-08-12 09:07:50,step_30,구리_전해도금,ACTIVE,4.502134157228395,24.810368910846258,9.886449707669435,179.89753970072218,NORMAL
2026-08-12 09:07:55,step_30,구리_전해도금,ACTIVE,4.492510496668461,24.895430785298526,9.956481958028865,179.69846125799512,NORMAL
2026-08-12 09:08:00,step_30,구리_전해도금,ACTIVE,4.507876558791604,24.939882527371907,9.954096286115792,180.00197880063348,NORMAL
2026-08-12 09:08:05,step_30,구리_전해도금,ACTIVE,4.5010797402059675,25.05255926082487,10.100982364624569,179.89687701072677,NORMAL
2026-08-12 09:08:10,step_30,구리_전해도금,ACTIVE,4.500223716743331,25.15965913806582,10.032743612539065,179.86345980312632,NORMAL
2026-08-12 09:08:15,step_30,구리_전해도금,ACTIVE,4.514767105605986,24.946826270917246,10.008680222412488,180.2651414390679,NORMAL
